FromNodeId,ToNodeId
https://informatika.trunojoyo.ac.id/,https://informatika.trunojoyo.ac.id/
https://informatika.trunojoyo.ac.id/,https://informatika.trunojoyo.ac.id/
https://informatika.trunojoyo.ac.id/,https://informatika.trunojoyo.ac.id/bidang-minat/10
https://informatika.trunojoyo.ac.id/bidang-minat/10,https://informatika.trunojoyo.ac.id/
https://informatika.trunojoyo.ac.id/bidang-minat/10,https://informatika.trunojoyo.ac.id/bidang-minat/10
https://informatika.trunojoyo.ac.id/bidang-minat/10,https://informatika.trunojoyo.ac.id/bidang-minat/10
https://informatika.trunojoyo.ac.id/bidang-minat/10,https://informatika.trunojoyo.ac.id/bidang-minat/11
https://informatika.trunojoyo.ac.id/bidang-minat/10,https://informatika.trunojoyo.ac.id/bidang-minat/12
https://informatika.trunojoyo.ac.id/bidang-minat/10,https://informatika.trunojoyo.ac.id/bidang-minat/13
https://informatika.trunojoyo.ac.id/bidang-minat/10,https://labtif.sakera.id/dosen
https://informatika.trunojoyo.ac.id/bidang-minat/10,https://informatika.trunojoyo.ac.id/laboratorium-teknik-informatika/lab-001
https://informatika.trunojoyo.ac.id/bidang-minat/10,https://informatika.trunojoyo.ac.id/laboratorium-teknik-informatika/lab-002
https://informatika.trunojoyo.ac.id/bidang-minat/10,https://informatika.trunojoyo.ac.id/laboratorium-teknik-informatika/lab-003
https://informatika.trunojoyo.ac.id/bidang-minat/10,https://informatika.trunojoyo.ac.id/laboratorium-teknik-informatika/lab-004
https://informatika.trunojoyo.ac.id/bidang-minat/10,https://informatika.trunojoyo.ac.id/laboratorium-teknik-informatika/lab-005
https://informatika.trunojoyo.ac.id/bidang-minat/10,https://informatika.trunojoyo.ac.id/kurikulum
https://informatika.trunojoyo.ac.id/bidang-minat/10,https://informatika.trunojoyo.ac.id/bidang-minat/10
https://informatika.trunojoyo.ac.id/bidang-minat/10,https://informatika.trunojoyo.ac.id/dokumen-mutu/7
https://informatika.trunojoyo.ac.id/bidang-minat/10,https://informatika.trunojoyo.ac.id/dokumen-mutu/8
https://informatika.trunojoyo.ac.id/bidang-minat/10,https://informatika.trunojoyo.ac.id/dokumen-mutu/9
https://informatika.trunojoyo.ac.id/bidang-minat/10,https://informatika.trunojoyo.ac.id/dokumen-sop/10
https://informatika.trunojoyo.ac.id/bidang-minat/10,https://informatika.trunojoyo.ac.id/dokumen-sop/11
https://informatika.trunojoyo.ac.id/bidang-minat/10,https://informatika.trunojoyo.ac.id/dokumen-sop/12
https://informatika.trunojoyo.ac.id/bidang-minat/10,https://informatika.trunojoyo.ac.id/dokumen-sop/13
https://informatika.trunojoyo.ac.id/bidang-minat/10,https://informatika.trunojoyo.ac.id/dokumen-sop/14
https://informatika.trunojoyo.ac.id/bidang-minat/10,https://informatika.trunojoyo.ac.id/bidang-minat/10
https://informatika.trunojoyo.ac.id/bidang-minat/10,https://informatika.trunojoyo.ac.id/peta-penelitian-dosen
https://informatika.trunojoyo.ac.id/bidang-minat/10,https://informatika.trunojoyo.ac.id/peta-penelitian-mahasiswa
https://informatika.trunojoyo.ac.id/bidang-minat/10,https://informatika.trunojoyo.ac.id/kategori-penelitian/7
https://informatika.trunojoyo.ac.id/bidang-minat/10,https://informatika.trunojoyo.ac.id/kategori-penelitian/5
https://informatika.trunojoyo.ac.id/bidang-minat/10,https://informatika.trunojoyo.ac.id/kategori-penelitian/12
https://informatika.trunojoyo.ac.id/bidang-minat/10,https://informatika.trunojoyo.ac.id/kategori-penelitian/10
https://informatika.trunojoyo.ac.id/bidang-minat/10,https://informatika.trunojoyo.ac.id/bidang-minat/10
https://informatika.trunojoyo.ac.id/bidang-minat/10,https://informatika.trunojoyo.ac.id/unit-kegiatan-mahasiswa/5
https://informatika.trunojoyo.ac.id/bidang-minat/10,https://informatika.trunojoyo.ac.id/unit-kegiatan-mahasiswa/6
https://informatika.trunojoyo.ac.id/bidang-minat/10,https://informatika.trunojoyo.ac.id/unit-kegiatan-mahasiswa/7
https://informatika.trunojoyo.ac.id/bidang-minat/10,https://informatika.trunojoyo.ac.id/unit-kegiatan-mahasiswa/8
https://informatika.trunojoyo.ac.id/bidang-minat/10,https://informatika.trunojoyo.ac.id/unit-kegiatan-mahasiswa/9
https://informatika.trunojoyo.ac.id/bidang-minat/10,https://pta.trunojoyo.ac.id/c_wisuda
https://informatika.trunojoyo.ac.id/bidang-minat/10,https://sisri.trunojoyo.ac.id/
https://informatika.trunojoyo.ac.id/bidang-minat/10,https://siakad.trunojoyo.ac.id/
https://informatika.trunojoyo.ac.id/bidang-minat/10,https://informatika.trunojoyo.ac.id/prestasi-mahasiswa/Internasional
https://informatika.trunojoyo.ac.id/bidang-minat/10,https://informatika.trunojoyo.ac.id/prestasi-mahasiswa/Nasional
https://informatika.trunojoyo.ac.id/bidang-minat/10,https://informatika.trunojoyo.ac.id/prestasi-mahasiswa/Regional
https://informatika.trunojoyo.ac.id/bidang-minat/10,http://himatif.trunojoyo.ac.id/
https://informatika.trunojoyo.ac.id/bidang-minat/10,https://informatika.trunojoyo.ac.id/bidang-minat/10
https://informatika.trunojoyo.ac.id/bidang-minat/10,https://sivitas.sakera.id/login
https://informatika.trunojoyo.ac.id/bidang-minat/10,https://siluni.sakera.id/
https://informatika.trunojoyo.ac.id/bidang-minat/10,https://sidik.sakera.id/sidik/index.php/auth
https://informatika.trunojoyo.ac.id/bidang-minat/10,https://siperang.trunojoyo.ac.id/
https://informatika.trunojoyo.ac.id/bidang-minat/10,https://pta.trunojoyo.ac.id/c_wisuda
https://informatika.trunojoyo.ac.id/bidang-minat/10,https://sisri.trunojoyo.ac.id/
https://informatika.trunojoyo.ac.id/bidang-minat/10,https://siakad.trunojoyo.ac.id/
https://informatika.trunojoyo.ac.id/bidang-minat/10,https://informatika.trunojoyo.ac.id/bidang-minat/10
https://informatika.trunojoyo.ac.id/bidang-minat/10,https://informatika.trunojoyo.ac.id/bidang-minat/10
https://informatika.trunojoyo.ac.id/bidang-minat/10,https://informatika.trunojoyo.ac.id/bidang-minat/prodi.html
https://informatika.trunojoyo.ac.id/bidang-minat/10,https://informatika.trunojoyo.ac.id/bidang-minat/10
https://informatika.trunojoyo.ac.id/bidang-minat/10,https://informatika.trunojoyo.ac.id/bidang-minat/10
https://informatika.trunojoyo.ac.id/bidang-minat/10,https://informatika.trunojoyo.ac.id/bidang-minat/10
https://informatika.trunojoyo.ac.id/bidang-minat/10,https://informatika.trunojoyo.ac.id/bidang-minat/10
https://informatika.trunojoyo.ac.id/bidang-minat/10,https://informatika.trunojoyo.ac.id/berita
https://informatika.trunojoyo.ac.id/bidang-minat/10,https://informatika.trunojoyo.ac.id/pengumuman
https://informatika.trunojoyo.ac.id/bidang-minat/10,https://informatika.trunojoyo.ac.id/bidang-minat/10
https://informatika.trunojoyo.ac.id/bidang-minat/10,https://www.instagram.com/tifutm.official
https://informatika.trunojoyo.ac.id/bidang-minat/10,https://youtube.com/@teknikinformatikautm
https://informatika.trunojoyo.ac.id/bidang-minat/10,https://informatika.trunojoyo.ac.id/bidang-minat/10#1a
https://informatika.trunojoyo.ac.id/bidang-minat/10,https://informatika.trunojoyo.ac.id/bidang-minat/10#2a
https://informatika.trunojoyo.ac.id/bidang-minat/10,https://informatika.trunojoyo.ac.id/berita-prodi/62
https://informatika.trunojoyo.ac.id/bidang-minat/10,https://informatika.trunojoyo.ac.id/berita-prodi/44
https://informatika.trunojoyo.ac.id/bidang-minat/10,https://informatika.trunojoyo.ac.id/berita-prodi/61
https://informatika.trunojoyo.ac.id/bidang-minat/10,https://informatika.trunojoyo.ac.id/berita-prodi/50
https://informatika.trunojoyo.ac.id/bidang-minat/10,https://informatika.trunojoyo.ac.id/berita-prodi/62
https://informatika.trunojoyo.ac.id/bidang-minat/10,https://informatika.trunojoyo.ac.id/berita-prodi/44
https://informatika.trunojoyo.ac.id/bidang-minat/10,https://informatika.trunojoyo.ac.id/berita-prodi/61
https://informatika.trunojoyo.ac.id/bidang-minat/10,https://informatika.trunojoyo.ac.id/berita-prodi/50
https://informatika.trunojoyo.ac.id/bidang-minat/10,https://informatika.trunojoyo.ac.id/bidang-minat/10
https://informatika.trunojoyo.ac.id/bidang-minat/10,https://informatika.trunojoyo.ac.id/bidang-minat/10
https://informatika.trunojoyo.ac.id/bidang-minat/10,https://informatika.trunojoyo.ac.id/bidang-minat/10
https://informatika.trunojoyo.ac.id/,https://informatika.trunojoyo.ac.id/bidang-minat/11
https://informatika.trunojoyo.ac.id/bidang-minat/11,https://informatika.trunojoyo.ac.id/
https://informatika.trunojoyo.ac.id/bidang-minat/11,https://informatika.trunojoyo.ac.id/bidang-minat/11
https://informatika.trunojoyo.ac.id/bidang-minat/11,https://informatika.trunojoyo.ac.id/bidang-minat/10
https://informatika.trunojoyo.ac.id/bidang-minat/11,https://informatika.trunojoyo.ac.id/bidang-minat/11
https://informatika.trunojoyo.ac.id/bidang-minat/11,https://informatika.trunojoyo.ac.id/bidang-minat/12
https://informatika.trunojoyo.ac.id/bidang-minat/11,https://informatika.trunojoyo.ac.id/bidang-minat/13
https://informatika.trunojoyo.ac.id/bidang-minat/11,https://labtif.sakera.id/dosen
https://informatika.trunojoyo.ac.id/bidang-minat/11,https://informatika.trunojoyo.ac.id/laboratorium-teknik-informatika/lab-001
https://informatika.trunojoyo.ac.id/bidang-minat/11,https://informatika.trunojoyo.ac.id/laboratorium-teknik-informatika/lab-002
https://informatika.trunojoyo.ac.id/bidang-minat/11,https://informatika.trunojoyo.ac.id/laboratorium-teknik-informatika/lab-003
https://informatika.trunojoyo.ac.id/bidang-minat/11,https://informatika.trunojoyo.ac.id/laboratorium-teknik-informatika/lab-004
https://informatika.trunojoyo.ac.id/bidang-minat/11,https://informatika.trunojoyo.ac.id/laboratorium-teknik-informatika/lab-005
https://informatika.trunojoyo.ac.id/bidang-minat/11,https://informatika.trunojoyo.ac.id/kurikulum
https://informatika.trunojoyo.ac.id/bidang-minat/11,https://informatika.trunojoyo.ac.id/bidang-minat/11
https://informatika.trunojoyo.ac.id/bidang-minat/11,https://informatika.trunojoyo.ac.id/dokumen-mutu/7
https://informatika.trunojoyo.ac.id/bidang-minat/11,https://informatika.trunojoyo.ac.id/dokumen-mutu/8
https://informatika.trunojoyo.ac.id/bidang-minat/11,https://informatika.trunojoyo.ac.id/dokumen-mutu/9
https://informatika.trunojoyo.ac.id/bidang-minat/11,https://informatika.trunojoyo.ac.id/dokumen-sop/10
https://informatika.trunojoyo.ac.id/bidang-minat/11,https://informatika.trunojoyo.ac.id/dokumen-sop/11
https://informatika.trunojoyo.ac.id/bidang-minat/11,https://informatika.trunojoyo.ac.id/dokumen-sop/12
https://informatika.trunojoyo.ac.id/bidang-minat/11,https://informatika.trunojoyo.ac.id/dokumen-sop/13
https://informatika.trunojoyo.ac.id/bidang-minat/11,https://informatika.trunojoyo.ac.id/dokumen-sop/14
https://informatika.trunojoyo.ac.id/bidang-minat/11,https://informatika.trunojoyo.ac.id/bidang-minat/11
https://informatika.trunojoyo.ac.id/bidang-minat/11,https://informatika.trunojoyo.ac.id/peta-penelitian-dosen
https://informatika.trunojoyo.ac.id/bidang-minat/11,https://informatika.trunojoyo.ac.id/peta-penelitian-mahasiswa
https://informatika.trunojoyo.ac.id/bidang-minat/11,https://informatika.trunojoyo.ac.id/kategori-penelitian/7
https://informatika.trunojoyo.ac.id/bidang-minat/11,https://informatika.trunojoyo.ac.id/kategori-penelitian/5
https://informatika.trunojoyo.ac.id/bidang-minat/11,https://informatika.trunojoyo.ac.id/kategori-penelitian/12
https://informatika.trunojoyo.ac.id/bidang-minat/11,https://informatika.trunojoyo.ac.id/kategori-penelitian/10
https://informatika.trunojoyo.ac.id/bidang-minat/11,https://informatika.trunojoyo.ac.id/bidang-minat/11
https://informatika.trunojoyo.ac.id/bidang-minat/11,https://informatika.trunojoyo.ac.id/unit-kegiatan-mahasiswa/5
https://informatika.trunojoyo.ac.id/bidang-minat/11,https://informatika.trunojoyo.ac.id/unit-kegiatan-mahasiswa/6
https://informatika.trunojoyo.ac.id/bidang-minat/11,https://informatika.trunojoyo.ac.id/unit-kegiatan-mahasiswa/7
https://informatika.trunojoyo.ac.id/bidang-minat/11,https://informatika.trunojoyo.ac.id/unit-kegiatan-mahasiswa/8
https://informatika.trunojoyo.ac.id/bidang-minat/11,https://informatika.trunojoyo.ac.id/unit-kegiatan-mahasiswa/9
https://informatika.trunojoyo.ac.id/bidang-minat/11,https://pta.trunojoyo.ac.id/c_wisuda
https://informatika.trunojoyo.ac.id/bidang-minat/11,https://sisri.trunojoyo.ac.id/
https://informatika.trunojoyo.ac.id/bidang-minat/11,https://siakad.trunojoyo.ac.id/
https://informatika.trunojoyo.ac.id/bidang-minat/11,https://informatika.trunojoyo.ac.id/prestasi-mahasiswa/Internasional
https://informatika.trunojoyo.ac.id/bidang-minat/11,https://informatika.trunojoyo.ac.id/prestasi-mahasiswa/Nasional
https://informatika.trunojoyo.ac.id/bidang-minat/11,https://informatika.trunojoyo.ac.id/prestasi-mahasiswa/Regional
https://informatika.trunojoyo.ac.id/bidang-minat/11,http://himatif.trunojoyo.ac.id/
https://informatika.trunojoyo.ac.id/bidang-minat/11,https://informatika.trunojoyo.ac.id/bidang-minat/11
https://informatika.trunojoyo.ac.id/bidang-minat/11,https://sivitas.sakera.id/login
https://informatika.trunojoyo.ac.id/bidang-minat/11,https://siluni.sakera.id/
https://informatika.trunojoyo.ac.id/bidang-minat/11,https://sidik.sakera.id/sidik/index.php/auth
https://informatika.trunojoyo.ac.id/bidang-minat/11,https://siperang.trunojoyo.ac.id/
https://informatika.trunojoyo.ac.id/bidang-minat/11,https://pta.trunojoyo.ac.id/c_wisuda
https://informatika.trunojoyo.ac.id/bidang-minat/11,https://sisri.trunojoyo.ac.id/
https://informatika.trunojoyo.ac.id/bidang-minat/11,https://siakad.trunojoyo.ac.id/
https://informatika.trunojoyo.ac.id/bidang-minat/11,https://informatika.trunojoyo.ac.id/bidang-minat/11
https://informatika.trunojoyo.ac.id/bidang-minat/11,https://informatika.trunojoyo.ac.id/bidang-minat/11
https://informatika.trunojoyo.ac.id/bidang-minat/11,https://informatika.trunojoyo.ac.id/bidang-minat/prodi.html
https://informatika.trunojoyo.ac.id/bidang-minat/11,https://informatika.trunojoyo.ac.id/bidang-minat/11
https://informatika.trunojoyo.ac.id/bidang-minat/11,https://informatika.trunojoyo.ac.id/bidang-minat/11
https://informatika.trunojoyo.ac.id/bidang-minat/11,https://informatika.trunojoyo.ac.id/bidang-minat/11
https://informatika.trunojoyo.ac.id/bidang-minat/11,https://informatika.trunojoyo.ac.id/bidang-minat/11
https://informatika.trunojoyo.ac.id/bidang-minat/11,https://informatika.trunojoyo.ac.id/berita
https://informatika.trunojoyo.ac.id/bidang-minat/11,https://informatika.trunojoyo.ac.id/pengumuman
https://informatika.trunojoyo.ac.id/bidang-minat/11,https://informatika.trunojoyo.ac.id/bidang-minat/11
https://informatika.trunojoyo.ac.id/bidang-minat/11,https://www.instagram.com/tifutm.official
https://informatika.trunojoyo.ac.id/bidang-minat/11,https://youtube.com/@teknikinformatikautm
https://informatika.trunojoyo.ac.id/bidang-minat/11,https://informatika.trunojoyo.ac.id/bidang-minat/11#1a
https://informatika.trunojoyo.ac.id/bidang-minat/11,https://informatika.trunojoyo.ac.id/bidang-minat/11#2a
https://informatika.trunojoyo.ac.id/bidang-minat/11,https://informatika.trunojoyo.ac.id/berita-prodi/62
https://informatika.trunojoyo.ac.id/bidang-minat/11,https://informatika.trunojoyo.ac.id/berita-prodi/44
https://informatika.trunojoyo.ac.id/bidang-minat/11,https://informatika.trunojoyo.ac.id/berita-prodi/61
https://informatika.trunojoyo.ac.id/bidang-minat/11,https://informatika.trunojoyo.ac.id/berita-prodi/50
https://informatika.trunojoyo.ac.id/bidang-minat/11,https://informatika.trunojoyo.ac.id/berita-prodi/62
https://informatika.trunojoyo.ac.id/bidang-minat/11,https://informatika.trunojoyo.ac.id/berita-prodi/44
https://informatika.trunojoyo.ac.id/bidang-minat/11,https://informatika.trunojoyo.ac.id/berita-prodi/61
https://informatika.trunojoyo.ac.id/bidang-minat/11,https://informatika.trunojoyo.ac.id/berita-prodi/50
https://informatika.trunojoyo.ac.id/bidang-minat/11,https://informatika.trunojoyo.ac.id/bidang-minat/11
https://informatika.trunojoyo.ac.id/bidang-minat/11,https://informatika.trunojoyo.ac.id/bidang-minat/11
https://informatika.trunojoyo.ac.id/bidang-minat/11,https://informatika.trunojoyo.ac.id/bidang-minat/11
https://informatika.trunojoyo.ac.id/,https://informatika.trunojoyo.ac.id/bidang-minat/12
https://informatika.trunojoyo.ac.id/bidang-minat/12,https://informatika.trunojoyo.ac.id/
https://informatika.trunojoyo.ac.id/bidang-minat/12,https://informatika.trunojoyo.ac.id/bidang-minat/12
https://informatika.trunojoyo.ac.id/bidang-minat/12,https://informatika.trunojoyo.ac.id/bidang-minat/10
https://informatika.trunojoyo.ac.id/bidang-minat/12,https://informatika.trunojoyo.ac.id/bidang-minat/11
https://informatika.trunojoyo.ac.id/bidang-minat/12,https://informatika.trunojoyo.ac.id/bidang-minat/12
https://informatika.trunojoyo.ac.id/bidang-minat/12,https://informatika.trunojoyo.ac.id/bidang-minat/13
https://informatika.trunojoyo.ac.id/bidang-minat/12,https://labtif.sakera.id/dosen
https://informatika.trunojoyo.ac.id/bidang-minat/12,https://informatika.trunojoyo.ac.id/laboratorium-teknik-informatika/lab-001
https://informatika.trunojoyo.ac.id/bidang-minat/12,https://informatika.trunojoyo.ac.id/laboratorium-teknik-informatika/lab-002
https://informatika.trunojoyo.ac.id/bidang-minat/12,https://informatika.trunojoyo.ac.id/laboratorium-teknik-informatika/lab-003
https://informatika.trunojoyo.ac.id/bidang-minat/12,https://informatika.trunojoyo.ac.id/laboratorium-teknik-informatika/lab-004
https://informatika.trunojoyo.ac.id/bidang-minat/12,https://informatika.trunojoyo.ac.id/laboratorium-teknik-informatika/lab-005
https://informatika.trunojoyo.ac.id/bidang-minat/12,https://informatika.trunojoyo.ac.id/kurikulum
https://informatika.trunojoyo.ac.id/bidang-minat/12,https://informatika.trunojoyo.ac.id/bidang-minat/12
https://informatika.trunojoyo.ac.id/bidang-minat/12,https://informatika.trunojoyo.ac.id/dokumen-mutu/7
https://informatika.trunojoyo.ac.id/bidang-minat/12,https://informatika.trunojoyo.ac.id/dokumen-mutu/8
https://informatika.trunojoyo.ac.id/bidang-minat/12,https://informatika.trunojoyo.ac.id/dokumen-mutu/9
https://informatika.trunojoyo.ac.id/bidang-minat/12,https://informatika.trunojoyo.ac.id/dokumen-sop/10
https://informatika.trunojoyo.ac.id/bidang-minat/12,https://informatika.trunojoyo.ac.id/dokumen-sop/11
https://informatika.trunojoyo.ac.id/bidang-minat/12,https://informatika.trunojoyo.ac.id/dokumen-sop/12
https://informatika.trunojoyo.ac.id/bidang-minat/12,https://informatika.trunojoyo.ac.id/dokumen-sop/13
https://informatika.trunojoyo.ac.id/bidang-minat/12,https://informatika.trunojoyo.ac.id/dokumen-sop/14
https://informatika.trunojoyo.ac.id/bidang-minat/12,https://informatika.trunojoyo.ac.id/bidang-minat/12
https://informatika.trunojoyo.ac.id/bidang-minat/12,https://informatika.trunojoyo.ac.id/peta-penelitian-dosen
https://informatika.trunojoyo.ac.id/bidang-minat/12,https://informatika.trunojoyo.ac.id/peta-penelitian-mahasiswa
https://informatika.trunojoyo.ac.id/bidang-minat/12,https://informatika.trunojoyo.ac.id/kategori-penelitian/7
https://informatika.trunojoyo.ac.id/bidang-minat/12,https://informatika.trunojoyo.ac.id/kategori-penelitian/5
https://informatika.trunojoyo.ac.id/bidang-minat/12,https://informatika.trunojoyo.ac.id/kategori-penelitian/12
https://informatika.trunojoyo.ac.id/bidang-minat/12,https://informatika.trunojoyo.ac.id/kategori-penelitian/10
https://informatika.trunojoyo.ac.id/bidang-minat/12,https://informatika.trunojoyo.ac.id/bidang-minat/12
https://informatika.trunojoyo.ac.id/bidang-minat/12,https://informatika.trunojoyo.ac.id/unit-kegiatan-mahasiswa/5
https://informatika.trunojoyo.ac.id/bidang-minat/12,https://informatika.trunojoyo.ac.id/unit-kegiatan-mahasiswa/6
https://informatika.trunojoyo.ac.id/bidang-minat/12,https://informatika.trunojoyo.ac.id/unit-kegiatan-mahasiswa/7
https://informatika.trunojoyo.ac.id/bidang-minat/12,https://informatika.trunojoyo.ac.id/unit-kegiatan-mahasiswa/8
https://informatika.trunojoyo.ac.id/bidang-minat/12,https://informatika.trunojoyo.ac.id/unit-kegiatan-mahasiswa/9
https://informatika.trunojoyo.ac.id/bidang-minat/12,https://pta.trunojoyo.ac.id/c_wisuda
https://informatika.trunojoyo.ac.id/bidang-minat/12,https://sisri.trunojoyo.ac.id/
https://informatika.trunojoyo.ac.id/bidang-minat/12,https://siakad.trunojoyo.ac.id/
https://informatika.trunojoyo.ac.id/bidang-minat/12,https://informatika.trunojoyo.ac.id/prestasi-mahasiswa/Internasional
https://informatika.trunojoyo.ac.id/bidang-minat/12,https://informatika.trunojoyo.ac.id/prestasi-mahasiswa/Nasional
https://informatika.trunojoyo.ac.id/bidang-minat/12,https://informatika.trunojoyo.ac.id/prestasi-mahasiswa/Regional
https://informatika.trunojoyo.ac.id/bidang-minat/12,http://himatif.trunojoyo.ac.id/
https://informatika.trunojoyo.ac.id/bidang-minat/12,https://informatika.trunojoyo.ac.id/bidang-minat/12
https://informatika.trunojoyo.ac.id/bidang-minat/12,https://sivitas.sakera.id/login
https://informatika.trunojoyo.ac.id/bidang-minat/12,https://siluni.sakera.id/
https://informatika.trunojoyo.ac.id/bidang-minat/12,https://sidik.sakera.id/sidik/index.php/auth
https://informatika.trunojoyo.ac.id/bidang-minat/12,https://siperang.trunojoyo.ac.id/
https://informatika.trunojoyo.ac.id/bidang-minat/12,https://pta.trunojoyo.ac.id/c_wisuda
https://informatika.trunojoyo.ac.id/bidang-minat/12,https://sisri.trunojoyo.ac.id/
https://informatika.trunojoyo.ac.id/bidang-minat/12,https://siakad.trunojoyo.ac.id/
https://informatika.trunojoyo.ac.id/bidang-minat/12,https://informatika.trunojoyo.ac.id/bidang-minat/12
https://informatika.trunojoyo.ac.id/bidang-minat/12,https://informatika.trunojoyo.ac.id/bidang-minat/12
https://informatika.trunojoyo.ac.id/bidang-minat/12,https://informatika.trunojoyo.ac.id/bidang-minat/prodi.html
https://informatika.trunojoyo.ac.id/bidang-minat/12,https://informatika.trunojoyo.ac.id/bidang-minat/12
https://informatika.trunojoyo.ac.id/bidang-minat/12,https://informatika.trunojoyo.ac.id/bidang-minat/12
https://informatika.trunojoyo.ac.id/bidang-minat/12,https://informatika.trunojoyo.ac.id/bidang-minat/12
https://informatika.trunojoyo.ac.id/bidang-minat/12,https://informatika.trunojoyo.ac.id/bidang-minat/12
https://informatika.trunojoyo.ac.id/bidang-minat/12,https://informatika.trunojoyo.ac.id/berita
https://informatika.trunojoyo.ac.id/bidang-minat/12,https://informatika.trunojoyo.ac.id/pengumuman
https://informatika.trunojoyo.ac.id/bidang-minat/12,https://informatika.trunojoyo.ac.id/bidang-minat/12
https://informatika.trunojoyo.ac.id/bidang-minat/12,https://www.instagram.com/tifutm.official
https://informatika.trunojoyo.ac.id/bidang-minat/12,https://youtube.com/@teknikinformatikautm
https://informatika.trunojoyo.ac.id/bidang-minat/12,https://informatika.trunojoyo.ac.id/bidang-minat/12#1a
https://informatika.trunojoyo.ac.id/bidang-minat/12,https://informatika.trunojoyo.ac.id/bidang-minat/12#2a
https://informatika.trunojoyo.ac.id/bidang-minat/12,https://informatika.trunojoyo.ac.id/berita-prodi/62
https://informatika.trunojoyo.ac.id/bidang-minat/12,https://informatika.trunojoyo.ac.id/berita-prodi/44
https://informatika.trunojoyo.ac.id/bidang-minat/12,https://informatika.trunojoyo.ac.id/berita-prodi/61
https://informatika.trunojoyo.ac.id/bidang-minat/12,https://informatika.trunojoyo.ac.id/berita-prodi/50
https://informatika.trunojoyo.ac.id/bidang-minat/12,https://informatika.trunojoyo.ac.id/berita-prodi/62
https://informatika.trunojoyo.ac.id/bidang-minat/12,https://informatika.trunojoyo.ac.id/berita-prodi/44
https://informatika.trunojoyo.ac.id/bidang-minat/12,https://informatika.trunojoyo.ac.id/berita-prodi/61
https://informatika.trunojoyo.ac.id/bidang-minat/12,https://informatika.trunojoyo.ac.id/berita-prodi/50
https://informatika.trunojoyo.ac.id/bidang-minat/12,https://informatika.trunojoyo.ac.id/bidang-minat/12
https://informatika.trunojoyo.ac.id/bidang-minat/12,https://informatika.trunojoyo.ac.id/bidang-minat/12
https://informatika.trunojoyo.ac.id/bidang-minat/12,https://informatika.trunojoyo.ac.id/bidang-minat/12
https://informatika.trunojoyo.ac.id/,https://informatika.trunojoyo.ac.id/bidang-minat/13
https://informatika.trunojoyo.ac.id/bidang-minat/13,https://informatika.trunojoyo.ac.id/
https://informatika.trunojoyo.ac.id/bidang-minat/13,https://informatika.trunojoyo.ac.id/bidang-minat/13
https://informatika.trunojoyo.ac.id/bidang-minat/13,https://informatika.trunojoyo.ac.id/bidang-minat/10
https://informatika.trunojoyo.ac.id/bidang-minat/13,https://informatika.trunojoyo.ac.id/bidang-minat/11
https://informatika.trunojoyo.ac.id/bidang-minat/13,https://informatika.trunojoyo.ac.id/bidang-minat/12
https://informatika.trunojoyo.ac.id/bidang-minat/13,https://informatika.trunojoyo.ac.id/bidang-minat/13
https://informatika.trunojoyo.ac.id/bidang-minat/13,https://labtif.sakera.id/dosen
https://informatika.trunojoyo.ac.id/bidang-minat/13,https://informatika.trunojoyo.ac.id/laboratorium-teknik-informatika/lab-001
https://informatika.trunojoyo.ac.id/bidang-minat/13,https://informatika.trunojoyo.ac.id/laboratorium-teknik-informatika/lab-002
https://informatika.trunojoyo.ac.id/bidang-minat/13,https://informatika.trunojoyo.ac.id/laboratorium-teknik-informatika/lab-003
https://informatika.trunojoyo.ac.id/bidang-minat/13,https://informatika.trunojoyo.ac.id/laboratorium-teknik-informatika/lab-004
https://informatika.trunojoyo.ac.id/bidang-minat/13,https://informatika.trunojoyo.ac.id/laboratorium-teknik-informatika/lab-005
https://informatika.trunojoyo.ac.id/bidang-minat/13,https://informatika.trunojoyo.ac.id/kurikulum
https://informatika.trunojoyo.ac.id/bidang-minat/13,https://informatika.trunojoyo.ac.id/bidang-minat/13
https://informatika.trunojoyo.ac.id/bidang-minat/13,https://informatika.trunojoyo.ac.id/dokumen-mutu/7
https://informatika.trunojoyo.ac.id/bidang-minat/13,https://informatika.trunojoyo.ac.id/dokumen-mutu/8
https://informatika.trunojoyo.ac.id/bidang-minat/13,https://informatika.trunojoyo.ac.id/dokumen-mutu/9
https://informatika.trunojoyo.ac.id/bidang-minat/13,https://informatika.trunojoyo.ac.id/dokumen-sop/10
https://informatika.trunojoyo.ac.id/bidang-minat/13,https://informatika.trunojoyo.ac.id/dokumen-sop/11
https://informatika.trunojoyo.ac.id/bidang-minat/13,https://informatika.trunojoyo.ac.id/dokumen-sop/12
https://informatika.trunojoyo.ac.id/bidang-minat/13,https://informatika.trunojoyo.ac.id/dokumen-sop/13
https://informatika.trunojoyo.ac.id/bidang-minat/13,https://informatika.trunojoyo.ac.id/dokumen-sop/14
https://informatika.trunojoyo.ac.id/bidang-minat/13,https://informatika.trunojoyo.ac.id/bidang-minat/13
https://informatika.trunojoyo.ac.id/bidang-minat/13,https://informatika.trunojoyo.ac.id/peta-penelitian-dosen
https://informatika.trunojoyo.ac.id/bidang-minat/13,https://informatika.trunojoyo.ac.id/peta-penelitian-mahasiswa
https://informatika.trunojoyo.ac.id/bidang-minat/13,https://informatika.trunojoyo.ac.id/kategori-penelitian/7
https://informatika.trunojoyo.ac.id/bidang-minat/13,https://informatika.trunojoyo.ac.id/kategori-penelitian/5
https://informatika.trunojoyo.ac.id/bidang-minat/13,https://informatika.trunojoyo.ac.id/kategori-penelitian/12
https://informatika.trunojoyo.ac.id/bidang-minat/13,https://informatika.trunojoyo.ac.id/kategori-penelitian/10
https://informatika.trunojoyo.ac.id/bidang-minat/13,https://informatika.trunojoyo.ac.id/bidang-minat/13
https://informatika.trunojoyo.ac.id/bidang-minat/13,https://informatika.trunojoyo.ac.id/unit-kegiatan-mahasiswa/5
https://informatika.trunojoyo.ac.id/bidang-minat/13,https://informatika.trunojoyo.ac.id/unit-kegiatan-mahasiswa/6
https://informatika.trunojoyo.ac.id/bidang-minat/13,https://informatika.trunojoyo.ac.id/unit-kegiatan-mahasiswa/7
https://informatika.trunojoyo.ac.id/bidang-minat/13,https://informatika.trunojoyo.ac.id/unit-kegiatan-mahasiswa/8
https://informatika.trunojoyo.ac.id/bidang-minat/13,https://informatika.trunojoyo.ac.id/unit-kegiatan-mahasiswa/9
https://informatika.trunojoyo.ac.id/bidang-minat/13,https://pta.trunojoyo.ac.id/c_wisuda
https://informatika.trunojoyo.ac.id/bidang-minat/13,https://sisri.trunojoyo.ac.id/
https://informatika.trunojoyo.ac.id/bidang-minat/13,https://siakad.trunojoyo.ac.id/
https://informatika.trunojoyo.ac.id/bidang-minat/13,https://informatika.trunojoyo.ac.id/prestasi-mahasiswa/Internasional
https://informatika.trunojoyo.ac.id/bidang-minat/13,https://informatika.trunojoyo.ac.id/prestasi-mahasiswa/Nasional
https://informatika.trunojoyo.ac.id/bidang-minat/13,https://informatika.trunojoyo.ac.id/prestasi-mahasiswa/Regional
https://informatika.trunojoyo.ac.id/bidang-minat/13,http://himatif.trunojoyo.ac.id/
https://informatika.trunojoyo.ac.id/bidang-minat/13,https://informatika.trunojoyo.ac.id/bidang-minat/13
https://informatika.trunojoyo.ac.id/bidang-minat/13,https://sivitas.sakera.id/login
https://informatika.trunojoyo.ac.id/bidang-minat/13,https://siluni.sakera.id/
https://informatika.trunojoyo.ac.id/bidang-minat/13,https://sidik.sakera.id/sidik/index.php/auth
https://informatika.trunojoyo.ac.id/bidang-minat/13,https://siperang.trunojoyo.ac.id/
https://informatika.trunojoyo.ac.id/bidang-minat/13,https://pta.trunojoyo.ac.id/c_wisuda
https://informatika.trunojoyo.ac.id/bidang-minat/13,https://sisri.trunojoyo.ac.id/
https://informatika.trunojoyo.ac.id/bidang-minat/13,https://siakad.trunojoyo.ac.id/
https://informatika.trunojoyo.ac.id/bidang-minat/13,https://informatika.trunojoyo.ac.id/bidang-minat/13
https://informatika.trunojoyo.ac.id/bidang-minat/13,https://informatika.trunojoyo.ac.id/bidang-minat/13
https://informatika.trunojoyo.ac.id/bidang-minat/13,https://informatika.trunojoyo.ac.id/bidang-minat/prodi.html
https://informatika.trunojoyo.ac.id/bidang-minat/13,https://informatika.trunojoyo.ac.id/bidang-minat/13
https://informatika.trunojoyo.ac.id/bidang-minat/13,https://informatika.trunojoyo.ac.id/bidang-minat/13
https://informatika.trunojoyo.ac.id/bidang-minat/13,https://informatika.trunojoyo.ac.id/bidang-minat/13
https://informatika.trunojoyo.ac.id/bidang-minat/13,https://informatika.trunojoyo.ac.id/bidang-minat/13
https://informatika.trunojoyo.ac.id/bidang-minat/13,https://informatika.trunojoyo.ac.id/berita
https://informatika.trunojoyo.ac.id/bidang-minat/13,https://informatika.trunojoyo.ac.id/pengumuman
https://informatika.trunojoyo.ac.id/bidang-minat/13,https://informatika.trunojoyo.ac.id/bidang-minat/13
https://informatika.trunojoyo.ac.id/bidang-minat/13,https://www.instagram.com/tifutm.official
https://informatika.trunojoyo.ac.id/bidang-minat/13,https://youtube.com/@teknikinformatikautm
https://informatika.trunojoyo.ac.id/bidang-minat/13,https://informatika.trunojoyo.ac.id/bidang-minat/13#1a
https://informatika.trunojoyo.ac.id/bidang-minat/13,https://informatika.trunojoyo.ac.id/bidang-minat/13#2a
https://informatika.trunojoyo.ac.id/bidang-minat/13,https://informatika.trunojoyo.ac.id/berita-prodi/62
https://informatika.trunojoyo.ac.id/bidang-minat/13,https://informatika.trunojoyo.ac.id/berita-prodi/44
https://informatika.trunojoyo.ac.id/bidang-minat/13,https://informatika.trunojoyo.ac.id/berita-prodi/61
https://informatika.trunojoyo.ac.id/bidang-minat/13,https://informatika.trunojoyo.ac.id/berita-prodi/50
https://informatika.trunojoyo.ac.id/bidang-minat/13,https://informatika.trunojoyo.ac.id/berita-prodi/62
https://informatika.trunojoyo.ac.id/bidang-minat/13,https://informatika.trunojoyo.ac.id/berita-prodi/44
https://informatika.trunojoyo.ac.id/bidang-minat/13,https://informatika.trunojoyo.ac.id/berita-prodi/61
https://informatika.trunojoyo.ac.id/bidang-minat/13,https://informatika.trunojoyo.ac.id/berita-prodi/50
https://informatika.trunojoyo.ac.id/bidang-minat/13,https://informatika.trunojoyo.ac.id/bidang-minat/13
https://informatika.trunojoyo.ac.id/bidang-minat/13,https://informatika.trunojoyo.ac.id/bidang-minat/13
https://informatika.trunojoyo.ac.id/bidang-minat/13,https://informatika.trunojoyo.ac.id/bidang-minat/13
https://informatika.trunojoyo.ac.id/,https://labtif.sakera.id/dosen
https://informatika.trunojoyo.ac.id/,https://informatika.trunojoyo.ac.id/laboratorium-teknik-informatika/lab-001
https://informatika.trunojoyo.ac.id/laboratorium-teknik-informatika/lab-001,https://informatika.trunojoyo.ac.id/
https://informatika.trunojoyo.ac.id/laboratorium-teknik-informatika/lab-001,https://informatika.trunojoyo.ac.id/laboratorium-teknik-informatika/lab-001
https://informatika.trunojoyo.ac.id/laboratorium-teknik-informatika/lab-001,https://informatika.trunojoyo.ac.id/bidang-minat/10
https://informatika.trunojoyo.ac.id/laboratorium-teknik-informatika/lab-001,https://informatika.trunojoyo.ac.id/bidang-minat/11
https://informatika.trunojoyo.ac.id/laboratorium-teknik-informatika/lab-001,https://informatika.trunojoyo.ac.id/bidang-minat/12
https://informatika.trunojoyo.ac.id/laboratorium-teknik-informatika/lab-001,https://informatika.trunojoyo.ac.id/bidang-minat/13
https://informatika.trunojoyo.ac.id/laboratorium-teknik-informatika/lab-001,https://labtif.sakera.id/dosen
https://informatika.trunojoyo.ac.id/laboratorium-teknik-informatika/lab-001,https://informatika.trunojoyo.ac.id/laboratorium-teknik-informatika/lab-001
https://informatika.trunojoyo.ac.id/laboratorium-teknik-informatika/lab-001,https://informatika.trunojoyo.ac.id/laboratorium-teknik-informatika/lab-002
https://informatika.trunojoyo.ac.id/laboratorium-teknik-informatika/lab-001,https://informatika.trunojoyo.ac.id/laboratorium-teknik-informatika/lab-003
https://informatika.trunojoyo.ac.id/laboratorium-teknik-informatika/lab-001,https://informatika.trunojoyo.ac.id/laboratorium-teknik-informatika/lab-004
https://informatika.trunojoyo.ac.id/laboratorium-teknik-informatika/lab-001,https://informatika.trunojoyo.ac.id/laboratorium-teknik-informatika/lab-005
https://informatika.trunojoyo.ac.id/laboratorium-teknik-informatika/lab-001,https://informatika.trunojoyo.ac.id/kurikulum
https://informatika.trunojoyo.ac.id/laboratorium-teknik-informatika/lab-001,https://informatika.trunojoyo.ac.id/laboratorium-teknik-informatika/lab-001
https://informatika.trunojoyo.ac.id/laboratorium-teknik-informatika/lab-001,https://informatika.trunojoyo.ac.id/dokumen-mutu/7
https://informatika.trunojoyo.ac.id/laboratorium-teknik-informatika/lab-001,https://informatika.trunojoyo.ac.id/dokumen-mutu/8
https://informatika.trunojoyo.ac.id/laboratorium-teknik-informatika/lab-001,https://informatika.trunojoyo.ac.id/dokumen-mutu/9
https://informatika.trunojoyo.ac.id/laboratorium-teknik-informatika/lab-001,https://informatika.trunojoyo.ac.id/dokumen-sop/10
https://informatika.trunojoyo.ac.id/laboratorium-teknik-informatika/lab-001,https://informatika.trunojoyo.ac.id/dokumen-sop/11
https://informatika.trunojoyo.ac.id/laboratorium-teknik-informatika/lab-001,https://informatika.trunojoyo.ac.id/dokumen-sop/12
https://informatika.trunojoyo.ac.id/laboratorium-teknik-informatika/lab-001,https://informatika.trunojoyo.ac.id/dokumen-sop/13
https://informatika.trunojoyo.ac.id/laboratorium-teknik-informatika/lab-001,https://informatika.trunojoyo.ac.id/dokumen-sop/14
https://informatika.trunojoyo.ac.id/laboratorium-teknik-informatika/lab-001,https://informatika.trunojoyo.ac.id/laboratorium-teknik-informatika/lab-001
https://informatika.trunojoyo.ac.id/laboratorium-teknik-informatika/lab-001,https://informatika.trunojoyo.ac.id/peta-penelitian-dosen
https://informatika.trunojoyo.ac.id/laboratorium-teknik-informatika/lab-001,https://informatika.trunojoyo.ac.id/peta-penelitian-mahasiswa
https://informatika.trunojoyo.ac.id/laboratorium-teknik-informatika/lab-001,https://informatika.trunojoyo.ac.id/kategori-penelitian/7
https://informatika.trunojoyo.ac.id/laboratorium-teknik-informatika/lab-001,https://informatika.trunojoyo.ac.id/kategori-penelitian/5
https://informatika.trunojoyo.ac.id/laboratorium-teknik-informatika/lab-001,https://informatika.trunojoyo.ac.id/kategori-penelitian/12
https://informatika.trunojoyo.ac.id/laboratorium-teknik-informatika/lab-001,https://informatika.trunojoyo.ac.id/kategori-penelitian/10
https://informatika.trunojoyo.ac.id/laboratorium-teknik-informatika/lab-001,https://informatika.trunojoyo.ac.id/laboratorium-teknik-informatika/lab-001
https://informatika.trunojoyo.ac.id/laboratorium-teknik-informatika/lab-001,https://informatika.trunojoyo.ac.id/unit-kegiatan-mahasiswa/5
https://informatika.trunojoyo.ac.id/laboratorium-teknik-informatika/lab-001,https://informatika.trunojoyo.ac.id/unit-kegiatan-mahasiswa/6
https://informatika.trunojoyo.ac.id/laboratorium-teknik-informatika/lab-001,https://informatika.trunojoyo.ac.id/unit-kegiatan-mahasiswa/7
https://informatika.trunojoyo.ac.id/laboratorium-teknik-informatika/lab-001,https://informatika.trunojoyo.ac.id/unit-kegiatan-mahasiswa/8
https://informatika.trunojoyo.ac.id/laboratorium-teknik-informatika/lab-001,https://informatika.trunojoyo.ac.id/unit-kegiatan-mahasiswa/9
https://informatika.trunojoyo.ac.id/laboratorium-teknik-informatika/lab-001,https://pta.trunojoyo.ac.id/c_wisuda
https://informatika.trunojoyo.ac.id/laboratorium-teknik-informatika/lab-001,https://sisri.trunojoyo.ac.id/
https://informatika.trunojoyo.ac.id/laboratorium-teknik-informatika/lab-001,https://siakad.trunojoyo.ac.id/
https://informatika.trunojoyo.ac.id/laboratorium-teknik-informatika/lab-001,https://informatika.trunojoyo.ac.id/prestasi-mahasiswa/Internasional
https://informatika.trunojoyo.ac.id/laboratorium-teknik-informatika/lab-001,https://informatika.trunojoyo.ac.id/prestasi-mahasiswa/Nasional
https://informatika.trunojoyo.ac.id/laboratorium-teknik-informatika/lab-001,https://informatika.trunojoyo.ac.id/prestasi-mahasiswa/Regional
https://informatika.trunojoyo.ac.id/laboratorium-teknik-informatika/lab-001,http://himatif.trunojoyo.ac.id/
https://informatika.trunojoyo.ac.id/laboratorium-teknik-informatika/lab-001,https://informatika.trunojoyo.ac.id/laboratorium-teknik-informatika/lab-001
https://informatika.trunojoyo.ac.id/laboratorium-teknik-informatika/lab-001,https://sivitas.sakera.id/login
https://informatika.trunojoyo.ac.id/laboratorium-teknik-informatika/lab-001,https://siluni.sakera.id/
https://informatika.trunojoyo.ac.id/laboratorium-teknik-informatika/lab-001,https://sidik.sakera.id/sidik/index.php/auth
https://informatika.trunojoyo.ac.id/laboratorium-teknik-informatika/lab-001,https://siperang.trunojoyo.ac.id/
https://informatika.trunojoyo.ac.id/laboratorium-teknik-informatika/lab-001,https://pta.trunojoyo.ac.id/c_wisuda
https://informatika.trunojoyo.ac.id/laboratorium-teknik-informatika/lab-001,https://sisri.trunojoyo.ac.id/
https://informatika.trunojoyo.ac.id/laboratorium-teknik-informatika/lab-001,https://siakad.trunojoyo.ac.id/
https://informatika.trunojoyo.ac.id/laboratorium-teknik-informatika/lab-001,https://informatika.trunojoyo.ac.id/laboratorium-teknik-informatika/lab-001
https://informatika.trunojoyo.ac.id/laboratorium-teknik-informatika/lab-001,https://informatika.trunojoyo.ac.id/laboratorium-teknik-informatika/lab-001
https://informatika.trunojoyo.ac.id/laboratorium-teknik-informatika/lab-001,https://informatika.trunojoyo.ac.id/laboratorium-teknik-informatika/prodi.html
https://informatika.trunojoyo.ac.id/laboratorium-teknik-informatika/lab-001,https://informatika.trunojoyo.ac.id/laboratorium-teknik-informatika/lab-001
https://informatika.trunojoyo.ac.id/laboratorium-teknik-informatika/lab-001,https://informatika.trunojoyo.ac.id/laboratorium-teknik-informatika/lab-001
https://informatika.trunojoyo.ac.id/laboratorium-teknik-informatika/lab-001,https://informatika.trunojoyo.ac.id/laboratorium-teknik-informatika/lab-001
https://informatika.trunojoyo.ac.id/laboratorium-teknik-informatika/lab-001,https://informatika.trunojoyo.ac.id/laboratorium-teknik-informatika/lab-001
https://informatika.trunojoyo.ac.id/laboratorium-teknik-informatika/lab-001,https://informatika.trunojoyo.ac.id/berita
https://informatika.trunojoyo.ac.id/laboratorium-teknik-informatika/lab-001,https://informatika.trunojoyo.ac.id/pengumuman
https://informatika.trunojoyo.ac.id/laboratorium-teknik-informatika/lab-001,https://informatika.trunojoyo.ac.id/laboratorium-teknik-informatika/lab-001
https://informatika.trunojoyo.ac.id/laboratorium-teknik-informatika/lab-001,https://www.instagram.com/tifutm.official
https://informatika.trunojoyo.ac.id/laboratorium-teknik-informatika/lab-001,https://youtube.com/@teknikinformatikautm
https://informatika.trunojoyo.ac.id/laboratorium-teknik-informatika/lab-001,https://informatika.trunojoyo.ac.id/laboratorium-teknik-informatika/lab-001#1a
https://informatika.trunojoyo.ac.id/laboratorium-teknik-informatika/lab-001,https://informatika.trunojoyo.ac.id/laboratorium-teknik-informatika/lab-001#2a
https://informatika.trunojoyo.ac.id/laboratorium-teknik-informatika/lab-001,https://informatika.trunojoyo.ac.id/berita-laboratorium/7
https://informatika.trunojoyo.ac.id/laboratorium-teknik-informatika/lab-001,https://informatika.trunojoyo.ac.id/berita-laboratorium/8
https://informatika.trunojoyo.ac.id/laboratorium-teknik-informatika/lab-001,https://informatika.trunojoyo.ac.id/berita-laboratorium/6
https://informatika.trunojoyo.ac.id/laboratorium-teknik-informatika/lab-001,https://informatika.trunojoyo.ac.id/berita-laboratorium/7
https://informatika.trunojoyo.ac.id/laboratorium-teknik-informatika/lab-001,https://informatika.trunojoyo.ac.id/berita-laboratorium/8
https://informatika.trunojoyo.ac.id/laboratorium-teknik-informatika/lab-001,https://informatika.trunojoyo.ac.id/berita-laboratorium/6
https://informatika.trunojoyo.ac.id/laboratorium-teknik-informatika/lab-001,https://informatika.trunojoyo.ac.id/laboratorium-teknik-informatika/lab-001
https://informatika.trunojoyo.ac.id/laboratorium-teknik-informatika/lab-001,https://informatika.trunojoyo.ac.id/laboratorium-teknik-informatika/lab-001
https://informatika.trunojoyo.ac.id/laboratorium-teknik-informatika/lab-001,https://informatika.trunojoyo.ac.id/laboratorium-teknik-informatika/lab-001
https://informatika.trunojoyo.ac.id/,https://informatika.trunojoyo.ac.id/laboratorium-teknik-informatika/lab-002
https://informatika.trunojoyo.ac.id/laboratorium-teknik-informatika/lab-002,https://informatika.trunojoyo.ac.id/
https://informatika.trunojoyo.ac.id/laboratorium-teknik-informatika/lab-002,https://informatika.trunojoyo.ac.id/laboratorium-teknik-informatika/lab-002
https://informatika.trunojoyo.ac.id/laboratorium-teknik-informatika/lab-002,https://informatika.trunojoyo.ac.id/bidang-minat/10
https://informatika.trunojoyo.ac.id/laboratorium-teknik-informatika/lab-002,https://informatika.trunojoyo.ac.id/bidang-minat/11
https://informatika.trunojoyo.ac.id/laboratorium-teknik-informatika/lab-002,https://informatika.trunojoyo.ac.id/bidang-minat/12
https://informatika.trunojoyo.ac.id/laboratorium-teknik-informatika/lab-002,https://informatika.trunojoyo.ac.id/bidang-minat/13
https://informatika.trunojoyo.ac.id/laboratorium-teknik-informatika/lab-002,https://labtif.sakera.id/dosen
https://informatika.trunojoyo.ac.id/laboratorium-teknik-informatika/lab-002,https://informatika.trunojoyo.ac.id/laboratorium-teknik-informatika/lab-001
https://informatika.trunojoyo.ac.id/laboratorium-teknik-informatika/lab-002,https://informatika.trunojoyo.ac.id/laboratorium-teknik-informatika/lab-002
https://informatika.trunojoyo.ac.id/laboratorium-teknik-informatika/lab-002,https://informatika.trunojoyo.ac.id/laboratorium-teknik-informatika/lab-003
https://informatika.trunojoyo.ac.id/laboratorium-teknik-informatika/lab-002,https://informatika.trunojoyo.ac.id/laboratorium-teknik-informatika/lab-004
https://informatika.trunojoyo.ac.id/laboratorium-teknik-informatika/lab-002,https://informatika.trunojoyo.ac.id/laboratorium-teknik-informatika/lab-005
https://informatika.trunojoyo.ac.id/laboratorium-teknik-informatika/lab-002,https://informatika.trunojoyo.ac.id/kurikulum
https://informatika.trunojoyo.ac.id/laboratorium-teknik-informatika/lab-002,https://informatika.trunojoyo.ac.id/laboratorium-teknik-informatika/lab-002
https://informatika.trunojoyo.ac.id/laboratorium-teknik-informatika/lab-002,https://informatika.trunojoyo.ac.id/dokumen-mutu/7
https://informatika.trunojoyo.ac.id/laboratorium-teknik-informatika/lab-002,https://informatika.trunojoyo.ac.id/dokumen-mutu/8
https://informatika.trunojoyo.ac.id/laboratorium-teknik-informatika/lab-002,https://informatika.trunojoyo.ac.id/dokumen-mutu/9
https://informatika.trunojoyo.ac.id/laboratorium-teknik-informatika/lab-002,https://informatika.trunojoyo.ac.id/dokumen-sop/10
https://informatika.trunojoyo.ac.id/laboratorium-teknik-informatika/lab-002,https://informatika.trunojoyo.ac.id/dokumen-sop/11
https://informatika.trunojoyo.ac.id/laboratorium-teknik-informatika/lab-002,https://informatika.trunojoyo.ac.id/dokumen-sop/12
https://informatika.trunojoyo.ac.id/laboratorium-teknik-informatika/lab-002,https://informatika.trunojoyo.ac.id/dokumen-sop/13
https://informatika.trunojoyo.ac.id/laboratorium-teknik-informatika/lab-002,https://informatika.trunojoyo.ac.id/dokumen-sop/14
https://informatika.trunojoyo.ac.id/laboratorium-teknik-informatika/lab-002,https://informatika.trunojoyo.ac.id/laboratorium-teknik-informatika/lab-002
https://informatika.trunojoyo.ac.id/laboratorium-teknik-informatika/lab-002,https://informatika.trunojoyo.ac.id/peta-penelitian-dosen
https://informatika.trunojoyo.ac.id/laboratorium-teknik-informatika/lab-002,https://informatika.trunojoyo.ac.id/peta-penelitian-mahasiswa
https://informatika.trunojoyo.ac.id/laboratorium-teknik-informatika/lab-002,https://informatika.trunojoyo.ac.id/kategori-penelitian/7
https://informatika.trunojoyo.ac.id/laboratorium-teknik-informatika/lab-002,https://informatika.trunojoyo.ac.id/kategori-penelitian/5
https://informatika.trunojoyo.ac.id/laboratorium-teknik-informatika/lab-002,https://informatika.trunojoyo.ac.id/kategori-penelitian/12
https://informatika.trunojoyo.ac.id/laboratorium-teknik-informatika/lab-002,https://informatika.trunojoyo.ac.id/kategori-penelitian/10
https://informatika.trunojoyo.ac.id/laboratorium-teknik-informatika/lab-002,https://informatika.trunojoyo.ac.id/laboratorium-teknik-informatika/lab-002
https://informatika.trunojoyo.ac.id/laboratorium-teknik-informatika/lab-002,https://informatika.trunojoyo.ac.id/unit-kegiatan-mahasiswa/5
https://informatika.trunojoyo.ac.id/laboratorium-teknik-informatika/lab-002,https://informatika.trunojoyo.ac.id/unit-kegiatan-mahasiswa/6
https://informatika.trunojoyo.ac.id/laboratorium-teknik-informatika/lab-002,https://informatika.trunojoyo.ac.id/unit-kegiatan-mahasiswa/7
https://informatika.trunojoyo.ac.id/laboratorium-teknik-informatika/lab-002,https://informatika.trunojoyo.ac.id/unit-kegiatan-mahasiswa/8
https://informatika.trunojoyo.ac.id/laboratorium-teknik-informatika/lab-002,https://informatika.trunojoyo.ac.id/unit-kegiatan-mahasiswa/9
https://informatika.trunojoyo.ac.id/laboratorium-teknik-informatika/lab-002,https://pta.trunojoyo.ac.id/c_wisuda
https://informatika.trunojoyo.ac.id/laboratorium-teknik-informatika/lab-002,https://sisri.trunojoyo.ac.id/
https://informatika.trunojoyo.ac.id/laboratorium-teknik-informatika/lab-002,https://siakad.trunojoyo.ac.id/
https://informatika.trunojoyo.ac.id/laboratorium-teknik-informatika/lab-002,https://informatika.trunojoyo.ac.id/prestasi-mahasiswa/Internasional
https://informatika.trunojoyo.ac.id/laboratorium-teknik-informatika/lab-002,https://informatika.trunojoyo.ac.id/prestasi-mahasiswa/Nasional
https://informatika.trunojoyo.ac.id/laboratorium-teknik-informatika/lab-002,https://informatika.trunojoyo.ac.id/prestasi-mahasiswa/Regional
https://informatika.trunojoyo.ac.id/laboratorium-teknik-informatika/lab-002,http://himatif.trunojoyo.ac.id/
https://informatika.trunojoyo.ac.id/laboratorium-teknik-informatika/lab-002,https://informatika.trunojoyo.ac.id/laboratorium-teknik-informatika/lab-002
https://informatika.trunojoyo.ac.id/laboratorium-teknik-informatika/lab-002,https://sivitas.sakera.id/login
https://informatika.trunojoyo.ac.id/laboratorium-teknik-informatika/lab-002,https://siluni.sakera.id/
https://informatika.trunojoyo.ac.id/laboratorium-teknik-informatika/lab-002,https://sidik.sakera.id/sidik/index.php/auth
https://informatika.trunojoyo.ac.id/laboratorium-teknik-informatika/lab-002,https://siperang.trunojoyo.ac.id/
https://informatika.trunojoyo.ac.id/laboratorium-teknik-informatika/lab-002,https://pta.trunojoyo.ac.id/c_wisuda
https://informatika.trunojoyo.ac.id/laboratorium-teknik-informatika/lab-002,https://sisri.trunojoyo.ac.id/
https://informatika.trunojoyo.ac.id/laboratorium-teknik-informatika/lab-002,https://siakad.trunojoyo.ac.id/
https://informatika.trunojoyo.ac.id/laboratorium-teknik-informatika/lab-002,https://informatika.trunojoyo.ac.id/laboratorium-teknik-informatika/lab-002
https://informatika.trunojoyo.ac.id/laboratorium-teknik-informatika/lab-002,https://informatika.trunojoyo.ac.id/laboratorium-teknik-informatika/lab-002
https://informatika.trunojoyo.ac.id/laboratorium-teknik-informatika/lab-002,https://informatika.trunojoyo.ac.id/laboratorium-teknik-informatika/prodi.html
https://informatika.trunojoyo.ac.id/laboratorium-teknik-informatika/lab-002,https://informatika.trunojoyo.ac.id/laboratorium-teknik-informatika/lab-002
https://informatika.trunojoyo.ac.id/laboratorium-teknik-informatika/lab-002,https://informatika.trunojoyo.ac.id/laboratorium-teknik-informatika/lab-002
https://informatika.trunojoyo.ac.id/laboratorium-teknik-informatika/lab-002,https://informatika.trunojoyo.ac.id/laboratorium-teknik-informatika/lab-002
https://informatika.trunojoyo.ac.id/laboratorium-teknik-informatika/lab-002,https://informatika.trunojoyo.ac.id/laboratorium-teknik-informatika/lab-002
https://informatika.trunojoyo.ac.id/laboratorium-teknik-informatika/lab-002,https://informatika.trunojoyo.ac.id/berita
https://informatika.trunojoyo.ac.id/laboratorium-teknik-informatika/lab-002,https://informatika.trunojoyo.ac.id/pengumuman
https://informatika.trunojoyo.ac.id/laboratorium-teknik-informatika/lab-002,https://informatika.trunojoyo.ac.id/laboratorium-teknik-informatika/lab-002
https://informatika.trunojoyo.ac.id/laboratorium-teknik-informatika/lab-002,https://www.instagram.com/tifutm.official
https://informatika.trunojoyo.ac.id/laboratorium-teknik-informatika/lab-002,https://youtube.com/@teknikinformatikautm
https://informatika.trunojoyo.ac.id/laboratorium-teknik-informatika/lab-002,https://informatika.trunojoyo.ac.id/laboratorium-teknik-informatika/lab-002#1a
https://informatika.trunojoyo.ac.id/laboratorium-teknik-informatika/lab-002,https://informatika.trunojoyo.ac.id/laboratorium-teknik-informatika/lab-002#2a
https://informatika.trunojoyo.ac.id/laboratorium-teknik-informatika/lab-002,https://informatics.uii.ac.id/profil/dosen_if/taufiq-hidayat/
https://informatika.trunojoyo.ac.id/laboratorium-teknik-informatika/lab-002,https://informatika.trunojoyo.ac.id/berita-laboratorium/7
https://informatika.trunojoyo.ac.id/laboratorium-teknik-informatika/lab-002,https://informatika.trunojoyo.ac.id/berita-laboratorium/8
https://informatika.trunojoyo.ac.id/laboratorium-teknik-informatika/lab-002,https://informatika.trunojoyo.ac.id/berita-laboratorium/6
https://informatika.trunojoyo.ac.id/laboratorium-teknik-informatika/lab-002,https://informatika.trunojoyo.ac.id/berita-laboratorium/7
https://informatika.trunojoyo.ac.id/laboratorium-teknik-informatika/lab-002,https://informatika.trunojoyo.ac.id/berita-laboratorium/8
https://informatika.trunojoyo.ac.id/laboratorium-teknik-informatika/lab-002,https://informatika.trunojoyo.ac.id/berita-laboratorium/6
https://informatika.trunojoyo.ac.id/laboratorium-teknik-informatika/lab-002,https://informatika.trunojoyo.ac.id/laboratorium-teknik-informatika/lab-002
https://informatika.trunojoyo.ac.id/laboratorium-teknik-informatika/lab-002,https://informatika.trunojoyo.ac.id/laboratorium-teknik-informatika/lab-002
https://informatika.trunojoyo.ac.id/laboratorium-teknik-informatika/lab-002,https://informatika.trunojoyo.ac.id/laboratorium-teknik-informatika/lab-002
https://informatika.trunojoyo.ac.id/,https://informatika.trunojoyo.ac.id/laboratorium-teknik-informatika/lab-003
https://informatika.trunojoyo.ac.id/laboratorium-teknik-informatika/lab-003,https://informatika.trunojoyo.ac.id/
https://informatika.trunojoyo.ac.id/laboratorium-teknik-informatika/lab-003,https://informatika.trunojoyo.ac.id/laboratorium-teknik-informatika/lab-003
https://informatika.trunojoyo.ac.id/laboratorium-teknik-informatika/lab-003,https://informatika.trunojoyo.ac.id/bidang-minat/10
https://informatika.trunojoyo.ac.id/laboratorium-teknik-informatika/lab-003,https://informatika.trunojoyo.ac.id/bidang-minat/11
https://informatika.trunojoyo.ac.id/laboratorium-teknik-informatika/lab-003,https://informatika.trunojoyo.ac.id/bidang-minat/12
https://informatika.trunojoyo.ac.id/laboratorium-teknik-informatika/lab-003,https://informatika.trunojoyo.ac.id/bidang-minat/13
https://informatika.trunojoyo.ac.id/laboratorium-teknik-informatika/lab-003,https://labtif.sakera.id/dosen
https://informatika.trunojoyo.ac.id/laboratorium-teknik-informatika/lab-003,https://informatika.trunojoyo.ac.id/laboratorium-teknik-informatika/lab-001
https://informatika.trunojoyo.ac.id/laboratorium-teknik-informatika/lab-003,https://informatika.trunojoyo.ac.id/laboratorium-teknik-informatika/lab-002
https://informatika.trunojoyo.ac.id/laboratorium-teknik-informatika/lab-003,https://informatika.trunojoyo.ac.id/laboratorium-teknik-informatika/lab-003
https://informatika.trunojoyo.ac.id/laboratorium-teknik-informatika/lab-003,https://informatika.trunojoyo.ac.id/laboratorium-teknik-informatika/lab-004
https://informatika.trunojoyo.ac.id/laboratorium-teknik-informatika/lab-003,https://informatika.trunojoyo.ac.id/laboratorium-teknik-informatika/lab-005
https://informatika.trunojoyo.ac.id/laboratorium-teknik-informatika/lab-003,https://informatika.trunojoyo.ac.id/kurikulum
https://informatika.trunojoyo.ac.id/laboratorium-teknik-informatika/lab-003,https://informatika.trunojoyo.ac.id/laboratorium-teknik-informatika/lab-003
https://informatika.trunojoyo.ac.id/laboratorium-teknik-informatika/lab-003,https://informatika.trunojoyo.ac.id/dokumen-mutu/7
https://informatika.trunojoyo.ac.id/laboratorium-teknik-informatika/lab-003,https://informatika.trunojoyo.ac.id/dokumen-mutu/8
https://informatika.trunojoyo.ac.id/laboratorium-teknik-informatika/lab-003,https://informatika.trunojoyo.ac.id/dokumen-mutu/9
https://informatika.trunojoyo.ac.id/laboratorium-teknik-informatika/lab-003,https://informatika.trunojoyo.ac.id/dokumen-sop/10
https://informatika.trunojoyo.ac.id/laboratorium-teknik-informatika/lab-003,https://informatika.trunojoyo.ac.id/dokumen-sop/11
https://informatika.trunojoyo.ac.id/laboratorium-teknik-informatika/lab-003,https://informatika.trunojoyo.ac.id/dokumen-sop/12
https://informatika.trunojoyo.ac.id/laboratorium-teknik-informatika/lab-003,https://informatika.trunojoyo.ac.id/dokumen-sop/13
https://informatika.trunojoyo.ac.id/laboratorium-teknik-informatika/lab-003,https://informatika.trunojoyo.ac.id/dokumen-sop/14
https://informatika.trunojoyo.ac.id/laboratorium-teknik-informatika/lab-003,https://informatika.trunojoyo.ac.id/laboratorium-teknik-informatika/lab-003
https://informatika.trunojoyo.ac.id/laboratorium-teknik-informatika/lab-003,https://informatika.trunojoyo.ac.id/peta-penelitian-dosen
https://informatika.trunojoyo.ac.id/laboratorium-teknik-informatika/lab-003,https://informatika.trunojoyo.ac.id/peta-penelitian-mahasiswa
https://informatika.trunojoyo.ac.id/laboratorium-teknik-informatika/lab-003,https://informatika.trunojoyo.ac.id/kategori-penelitian/7
https://informatika.trunojoyo.ac.id/laboratorium-teknik-informatika/lab-003,https://informatika.trunojoyo.ac.id/kategori-penelitian/5
https://informatika.trunojoyo.ac.id/laboratorium-teknik-informatika/lab-003,https://informatika.trunojoyo.ac.id/kategori-penelitian/12
https://informatika.trunojoyo.ac.id/laboratorium-teknik-informatika/lab-003,https://informatika.trunojoyo.ac.id/kategori-penelitian/10
https://informatika.trunojoyo.ac.id/laboratorium-teknik-informatika/lab-003,https://informatika.trunojoyo.ac.id/laboratorium-teknik-informatika/lab-003
https://informatika.trunojoyo.ac.id/laboratorium-teknik-informatika/lab-003,https://informatika.trunojoyo.ac.id/unit-kegiatan-mahasiswa/5
https://informatika.trunojoyo.ac.id/laboratorium-teknik-informatika/lab-003,https://informatika.trunojoyo.ac.id/unit-kegiatan-mahasiswa/6
https://informatika.trunojoyo.ac.id/laboratorium-teknik-informatika/lab-003,https://informatika.trunojoyo.ac.id/unit-kegiatan-mahasiswa/7
https://informatika.trunojoyo.ac.id/laboratorium-teknik-informatika/lab-003,https://informatika.trunojoyo.ac.id/unit-kegiatan-mahasiswa/8
https://informatika.trunojoyo.ac.id/laboratorium-teknik-informatika/lab-003,https://informatika.trunojoyo.ac.id/unit-kegiatan-mahasiswa/9
https://informatika.trunojoyo.ac.id/laboratorium-teknik-informatika/lab-003,https://pta.trunojoyo.ac.id/c_wisuda
https://informatika.trunojoyo.ac.id/laboratorium-teknik-informatika/lab-003,https://sisri.trunojoyo.ac.id/
https://informatika.trunojoyo.ac.id/laboratorium-teknik-informatika/lab-003,https://siakad.trunojoyo.ac.id/
https://informatika.trunojoyo.ac.id/laboratorium-teknik-informatika/lab-003,https://informatika.trunojoyo.ac.id/prestasi-mahasiswa/Internasional
https://informatika.trunojoyo.ac.id/laboratorium-teknik-informatika/lab-003,https://informatika.trunojoyo.ac.id/prestasi-mahasiswa/Nasional
https://informatika.trunojoyo.ac.id/laboratorium-teknik-informatika/lab-003,https://informatika.trunojoyo.ac.id/prestasi-mahasiswa/Regional
https://informatika.trunojoyo.ac.id/laboratorium-teknik-informatika/lab-003,http://himatif.trunojoyo.ac.id/
https://informatika.trunojoyo.ac.id/laboratorium-teknik-informatika/lab-003,https://informatika.trunojoyo.ac.id/laboratorium-teknik-informatika/lab-003
